Workbook

Sheet Summary Dashboard
A1: DASHBOARD UTAMA DATABASE
B4: Total Varian Produk | C4: =COUNTA('Database Produk'!A4:A167)
B5: Total Stok Awal Semua Barang | C5: ='Database Produk'!D168
B6: Total Barang Masuk (Restock) | C6: ='Database Produk'!E168
B7: Total Barang Keluar (Terjual) | C7: ='Database Produk'!F168
B8: Total Stok Akhir Tersedia | C8: ='Database Produk'!G168

Sheet Database Produk
A1: DATABASE PRODUK - TOKO FATIH MARKET
A3: Kode Barang | B3: Nama Produk | C3: Satuan | D3: Stok Awal | E3: Barang Masuk | F3: Barang Keluar | G3: Stok Akhir
A4: A001 | B4: Softex Daun sirih | C4: pack | D4: 30 | E4: 40 | F4: 0 | G4: =D4+E4-F4
A5: A002 | B5: Softex Night | C5: pack | D5: 30 | E5: 0 | F5: 0 | G5: =D5+E5-F5
A6: A003 | B6: Mamypoko | C6: pack | D6: 300 | E6: 0 | F6: 12 | G6: =D6+E6-F6
A7: A004 | B7: Vape | C7: box | D7: 30 | E7: 0 | F7: 10 | G7: =D7+E7-F7
A8: A005 | B8: Sisir Rambut | C8: pcs | D8: 15 | E8: 10 | F8: 6 | G8: =D8+E8-F8
A9: A006 | B9: Better | C9: pack | D9: 20 | E9: 0 | F9: 14 | G9: =D9+E9-F9
A10: A007 | B10: Sirup Kurnia | C10: botol | D10: 100 | E10: 0 | F10: 20 | G10: =D10+E10-F10
A11: A008 | B11: Sirup ABC | C11: botol | D11: 100 | E11: 0 | F11: 25 | G11: =D11+E11-F11
A12: A009 | B12: Wardah Facial Wash | C12: pcs | D12: 20 | E12: 0 | F12: 0 | G12: =D12+E12-F12
A13: A010 | B13: Azarine Sunscreen | C13: pcs | D13: 20 | E13: 0 | F13: 0 | G13: =D13+E13-F13
A14: A011 | B14: Bedak Wardah | C14: pcs | D14: 12 | E14: 22 | F14: 0 | G14: =D14+E14-F14
A15: A012 | B15: Rinso Pakaian | C15: bungkus | D15: 30 | E15: 0 | F15: 0 | G15: =D15+E15-F15
... A167: A164 | B167: Body Serum Lavojooy | C167: pcs | D167: 48 | E167: 0 | F167: 6 | G167: =D167+E167-F167
B168: TOTAL | D168: =SUM(D4:D167) | E168: =SUM(E4:E167) | F168: =SUM(F4:F167) | G168: =SUM(G4:G167)
